株式会社松風,WEBエンジニア 業界唯一の上場企業,"京都府 京都市 東山区                                                                                                                    




株式会社松風の求人
をすべて見る",年収400万円～660万円,19日前,リクルートエージェント
株式会社ブリッジコーポレーション,Webエンジニア,京都府 京都市 烏丸御池駅 徒歩1分,年収500万円～620万円,6日前,U29JOB
片岡メディアデザイン株式会社,プログラマー HP・ECサイト等のWebエンジニア,京都府 京都市 上京区,月給20万円～40万円,公開していません,片岡メディアデザイン株式会社
株式会社Atomis,Webエンジニア,京都府 京都市 出町柳駅 徒歩5分,年収500万円～,公開していません,paiza転職
株式会社フォンタァジュ,インフラエンジニア 土日祝休み／自由度の高い働き方／Webアプリケーションエンジニア,京都府 京都市 丹波口駅 徒歩5分,月給30万円～,7日前,株式会社フォンタァジュ
エクサイト株式会社,Webアプリケーション・エンジニア,京都府 京都市 東野駅,年収400万円～900万円,4日前,CREATIVE JOB
株式会社MIRISE,WEBデザイナー又はWEBエンジニア募集,京都府 京都市 円町駅 徒歩3分,"時給980円～1,200円",公開していません,株式会社MIRISE
スマートキャンプ株式会社,Webアプリケーションエンジニア Saas メディア事業 BPO事業,京都府 京都市 中京区,"年収600万円～1,000万円",18日前,リクルートエージェント
株式会社アルファス,未経験者 WEBデザイナー兼マークアップエンジニア完全週休2日制／年間休日122日,京都府 京都市 京都駅,年収300万円～350万円,11日前,doda
株式会社FREEMIND,Web系システムエンジニア,京都府 京都市 丸太町駅,年収300万円～400万円,公開していません,doda
株式会社フィーリスト,WEBシステム／スマートフォンアプリエンジニア募集,京都府 京都市 烏丸駅,年収350万円～600万円,11日前,doda
株式会社ハースト・デジタル・ジャパン,ウェブ システム開発エンジニア／Web System Development Engineer,京都府 京都市 下京区,年収500万円～800万円,公開していません,株式会社ハースト・デジタル・ジャパン
株式会社エックスポイントワン,Webエンジニア,京都府 京都市 四条駅,年収450万円～830万円,公開していません,paiza転職
株式会社島津ビジネスシステムズ,Webエンジニア 島津グループのマーケティングDX推進／英語力を活かす,京都府 京都市 中京区,年収475万円～625万円,18日前,リクルートエージェント
株式会社DiO,フロントエンドエンジニア、Webコーダー,京都府 京都市 今出川駅 バス12分,月給20万円～34万円,公開していません,株式会社DiO
スパイスファクトリー株式会社,Webエンジニア／スパイスファクトリー京都支社,京都府 京都市 京都駅 徒歩5分,年収450万円～750万円,公開していません,スパイスファクトリー株式会社
株式会社アドインテ,Webエンジニア AI×マーケが強みの自社サービス／年休128日,京都府 京都市 下京区,年収360万円～800万円,18日前,リクルートエージェント
株式会社フィールド,HTMLコーダー、Webエンジニア、フロントエンドエンジニア,京都府 京都市 四条駅,"月給20万1,600円～33万6,000円",公開していません,株式会社フィールド
井上株式会社,WEB・システムエンジニア,京都府 福知山市 福知山駅 車2分,"月給19万6,500円～30万6,500円",公開していません,ハローワーク福知山
株式会社Nextat,WEBエンジニア,京都府 京都市 五条駅 徒歩1分,月給18万円～30万円,公開していません,ハローワーク京都七条
サービス&セキュリティ株式会社,WEB・業務系開発エンジニア／リーダークラス／新事務所立ち上げメンバー,京都府 京都市 中京区,年収600万円～840万円,4日前,リクルートエージェント
株式会社学生情報センター,WEB系システムエンジニア,京都府 京都市 京都駅 徒歩3分,年収600万円～700万円,5日前,U29JOB
Helpfeel株式会社,Webエンジニア 革新的DX推進SaaS,京都府 京都市,"年収600万円～1,000万円",12日前,リクルートエージェント
株式会社プラメド,WEBアンケート画面作成エンジニア 医療領域／リモート可／平均残業20H程度,京都府 京都市 下京区,年収400万円～450万円,19日前,リクルートエージェント
株式会社堀場エステック,流体制御機器のサービスエンジニア／WEB面接可能,京都府 京都市 南区,年収400万円～600万円,19日前,リクルートエージェント
株式会社Oz link,"WEBエンジニア 顧客向け及び月商1,500万美容系自社EC制作",京都府 京都市 中京区,年収390万円～580万円,19日前,リクルートエージェント
Rhythmos,Webデザイナー、UIエンジニア,京都府 京都市 四条駅 徒歩1分,"時給1,000円～1,500円",8時間前,Rhythmos
サイバーパテント株式会社,システムエンジニア／Webアプリケーション,京都府 京都市 京都駅,年収550万円～650万円,公開していません,Geekly
株式会社坂ノ途中,Webアプリケーション開発エンジニア,京都府 京都市 西京極駅,年収300万円～600万円,公開していません,Geekly
株式会社サザンウィッシュ,Webエンジニア／自社サービス／Saasアプリケーション,京都府 京都市 京都駅,年収500万円～700万円,公開していません,Geekly
株式会社バトンズ,Webエンジニア／フルスタックエンジニアへのキャリアアップ,京都府 京都市 京都駅,年収400万円～600万円,公開していません,Geekly
株式会社クレアリンクテクノロジー,WEBアプリケーションエンジニア,京都府 精華町,"月給19万8,000円～35万円",29日前,ハローワーク京都田辺
日本電産リード株式会社,WEB面接完結 サービスエンジニア,京都府 京都市 右京区,年収400万円～650万円,21日前,MEITEC NEXT
株式会社ハイシンク創研,Web・オープン系システムエンジニア／IT通信インフラ構築事業,京都府 京都市 丹波口駅 徒歩10分,年収580万円～800万円,公開していません,バイトルPRO
オムロンヘルスケア株式会社,システムエンジニア／WEB完結,京都府 京都市 桂川駅 徒歩5分,年収500万円～850万円,公開していません,エン エージェント
株式会社ビジネスポート,SE ーお客様の笑顔と共にステップアップを目指すー 業務システム・Webシステム開発エンジニア,京都府 京都市 京都駅 徒歩5分,月給25万円～,公開していません,株式会社ビジネスポート
総合経営サポートセンター,WEBアプリケーションエンジニア,京都府 京田辺市,月給21万円～44万円,公開していません,総合経営サポートセンター
株式会社エクサウィザーズ,企画開発プランナー 未経験歓迎／UIターン歓迎,京都府 京都市 左京区,"年収420万円～1,000万円",19日前,リクルートエージェント
Happy Elements株式会社,ゲーム開発エンジニア 熱狂的に愛されるゲーム制作へ,京都府 京都市 烏丸御池駅,年収450万円～800万円,20日前,doda
株式会社シーズ,Webプログラマー,京都府 京都市 丹波口駅 徒歩5分,年収350万円～,公開していません,Green
エスピーメディアテック株式会社,PHPプログラマー募集,京都府 向日市 向日町駅 徒歩10分,月給25万円～40万円,2日前,CREATIVE JOB
アトモフ株式会社,ソフトウェアエンジニア,京都府 京都市 烏丸御池駅 徒歩7分,公開していません,公開していません,Green
株式会社メディアウォーズ,アプリケーションエンジニア,京都府 京都市 丹波口駅,年収350万円～600万円,公開していません,doda
株式会社演算工房,システムエンジニア,京都府,年収337万円～700万円,公開していません,Spring転職エージェント
ビジネスラリアート株式会社,WEBサイトのフロントサイドエンジニア・コーダー,京都府 京都市 丹波口駅 徒歩3分,月給30万円～40万円,1時間前,リクナビNEXT
Cross Group株式会社,SE,京都府 京都市,年収350万円～560万円,28日前,かんたん応募
株式会社リーディングマーク,サーバー設計・構築,京都府 京都市,年収400万円～800万円,28日前,かんたん応募
株式会社デイアライブ,Webディレクター,京都府 京都市 五条駅 徒歩1分,年収360万円～800万円,公開していません,Green
オムロンソフトウエア株式会社,スマートフォンアプリケーション及びWEBシステム開発のプロジェクトマネージャ,京都府,年収450万円～850万円,24日前,Spring転職エージェント
株式会社アジアンビジネスネットワーク,Webディレクター・Webプロデューサー,京都府 京都市,年収400万円～600万円,28日前,かんたん応募
株式会社あすか,システムエンジニア,京都府,年収300万円～550万円,公開していません,paiza転職
株式会社スプーキーズ,システムエンジニア,京都府 京都市 烏丸駅,月給20万円～,公開していません,株式会社スプーキーズ
株式会社ラプラス・システム,システム開発職 Webアプリケーション,京都府 京都市 伏見桃山駅 徒歩5分,年収400万円～700万円,25日前,Green
アバナード株式会社,フロントエンドエンジニア プロジェクトマネージャー,京都府,"年収600万円～1,200万円",公開していません,Spring転職エージェント
株式会社アンドシステム,勘定系システムリプレースSE・PLポジション,京都府,年収384万円～800万円,公開していません,Spring転職エージェント
株式会社テクロス,ゲームUIデザイナー／モバイルコンテンツUIデザイナー,京都府 京都市 烏丸駅 徒歩5分,年収350万円,公開していません,IMAGICA DIGITALSCAPE
株式会社アッドワン,組込制御系システムエンジニア・プログラマー 休日125日以上・在宅あり,京都府,月給40万円,20日前,PROSEEK
株式会社ウェルアソシエイツ,2023 新卒採用 ソフトウェア,京都府,月給23万円,公開していません,リクナビ2023
DX HUB株式会社,開発エンジニア 東京オフィス勤務,京都府 京都市 下京区,年収400万円～700万円,11時間前,Green
株式会社ジェー・ピー・シー,コーディング 職場環境&業績,京都府 京都市 四条駅,月給32万円～,24日前,マイナビ転職
AMBL株式会社,アプリ開発,京都府 京都市,年収400万円～700万円,28日前,かんたん応募
ふくみっと運営事務局,営業／事務,京都府 京都市 京都市役所前駅,"時給940円～1,200円",公開していません,ふくみっと
日本ナレッジスペース株式会社,組込開発エンジニア,京都府,年収300万円～600万円,公開していません,キャリコネ転職
株式会社FUNDINNO,SE,京都府 京都市,"年収500万円～1,200万円",28日前,かんたん応募
株式会社アクシスウェア,PG,京都府 京都市,年収364万円～600万円,29日前,かんたん応募
株式会社ワントゥーテン,フロントエンドエンジニア,京都府 京都市 四条駅,年収400万円～600万円,公開していません,paiza転職
株式会社マノア・リノ,サーバー設計・構築,京都府 京都市,年収420万円～840万円,28日前,かんたん応募
株式会社ピー・アンド・ヴァック,PG,京都府 京都市,年収323万円～433万円,28日前,かんたん応募
株式会社コンタクト,ITエンジニア ムリなくキャリア形成を実現したい方へ,京都府 京都市,月給25万円～,3日前,マイナビ転職
アイフル株式会社,システム開発エンジニア,京都府 京都市 下京区,年収500万円～550万円,3日前,ワークポート
ギグワークスクロスアイティ株式会社,システムエンジニア,京都府 京都市 四条駅,年収400万円～600万円,4日前,paiza転職
株式会社富士テクノソリューションズ,エンジニア・プログラマー,京都府,年収300万円～700万円,9時間前,ワークポート
SBI FinTech Solutions株式会社,PG,京都府 京都市,"年収400万8,000円～600万円",28日前,かんたん応募
オムロン エキスパートリンク株式会社,ソフトウェア開発,京都府,年収350万円～650万円,公開していません,doda
大京システム開発株式会社,ITエンジニア 21年連続決算賞与／家族・住宅手当あり!／即日内定も可能／30名の積極採用／案件増,京都府 京都市 四条駅 徒歩2分,月給28万円～65万円,4日前,エン転職
株式会社テクロスホールディングス,リードエンジニア,京都府 京都市 下京区,年収300万円～500万円,2日前,ワークポート
株式会社Nascom,ITエンジニア,京都府,月給25万円～45万円,7時間前,type
株式会社RISING 京都支部,未経験から成長できるシステムエンジニア,京都府 京都市 下京区,月給25万円～40万円,公開していません,株式会社RISING
株式会社80&Company,サーバサイドエンジニア,京都府 京都市 左京区,年収453万円～793万円,13日前,paiza転職
株式会社トータルマリアージュサポート,2023 新卒採用 ブライダル・冠婚葬祭,京都府,"月給18万5,000円～22万円",公開していません,リクナビ2023
アイデアル株式会社,PG・SE,京都府,月給21万円～45万円,5時間前,type
株式会社HNS,ITエンジニア 未経験OK,京都府,月給30万円～45万円,5時間前,type
フリュー株式会社,サーバサイドエンジニア,京都府 京都市 下京区,年収550万円～700万円,公開していません,paiza転職
株式会社ネクプロ,AWSエンジニア ウェビナーマーケティング支援プラットフォーム開発／フルリモート,京都府,"年収500万円～1,000万円",25日前,doda
日本トライスタイル株式会社,SE・PG 前職給与アップ率100%、キャリアチェンジ相談可,京都府,月給25万円～45万円,3日前,マイナビ転職
LINE株式会社,サーバーサイドエンジニア／出前館／京都開発室,京都府 京都市 下京区,公開していません,12日前,LINE株式会社
日本システムマネージメント株式会社,システムエンジニア,京都府 京都市,月給22万円～,1日前,U29JOB
株式会社ニック,開発エンジニア／残業月20H以下／半数以上の仕事が在宅OK,京都府,月給20万円～,11日前,doda
株式会社JO2,IT技術者全般をを募集しております! 現在未経験の方は募集しておりません,京都府,年収300万円～960万円,公開していません,かんたん応募
Baseconnect株式会社,エンジニアマネージャー フルリモート可／SaaS／25億円の資金調達,京都府 京都市 中京区,"年収600万円～1,000万円",6日前,リクルートエージェント
株式会社EIGHTIST,開発エンジニア／人と関わりたいエンジニアが集まる会社,京都府,月給27万円～55万円,6日前,doda
株式会社アジャイルジェイピー,2023 新卒採用 ソフトウェア,京都府,"月給20万2,000円～22万6,000円",5日前,リクナビ2023
株式会社ケルク電子システム,防犯システムのフィールドエンジニア,京都府 京都市 山科駅 徒歩5分,年収308万円～392万円,公開していません,doda
アクロスロード株式会社,SE,京都府 京都市,年収350万円～750万円,28日前,かんたん応募
株式会社マネーフォワード,QA・テストエンジニア,京都府 京都市 中京区,"年収400万円～1,000万円",4日前,ワークポート
株式会社ユーエムイーネッツ,SE,京都府 京都市,年収420万円～700万円,28日前,かんたん応募
株式会社アルメディア・ネットワーク,ITエンジニア 受託案件中心／月給40万～55万円／賞与年2回,京都府,月給40万円～55万円,公開していません,マイナビ転職
株式会社D-design,組込みエンジニア,京都府,年収400万円～550万円,4日前,ワークポート
株式会社日本オーエー研究所,未経験から始めるSE・PG,京都府 京都市,"月給22万3,000円～",24日前,リクナビNEXT
株式会社MAYA STAFFING,ネットワークエンジニア 大手企業 土日祝休み 在宅勤務有り,京都府 京都市 京都駅 徒歩3分,"時給1,600円～3,000円",公開していません,かんたん応募
AJ・Flat株式会社,PG・SE／約9割が年収120%UP／要望に応じたPJへ配属,京都府,月給30万円～40万円,6日前,doda
エヌアイシィ株式会社,アプリケーションエンジニア,京都府,年収360万円～700万円,1日前,ワークポート
ものレボ株式会社,"ITエンジニアシステム開発、インフラなどのプロジェクトリーダー, システムエンジニア",京都府 京都市 烏丸御池駅 徒歩5分,"年収540万円～1,088万円",3日前,Ｔジョブ
エコリンクス株式会社,システムエンジニア,京都府 木津川市 木津川台駅,年収420万円～490万円,20日前,doda
株式会社ジーノット,広報・IR,京都府 京都市,年収388万円～540万円,28日前,かんたん応募
株式会社ダイヤモンドパーソネル,三菱電機グループで活躍! 総合職,京都府 長岡京市,月給24万円～30万円,24日前,マイナビ転職
アルファテクノロジー株式会社,エンジニア,京都府,月給23万円～40万円,公開していません,doda
株式会社ジャパンデザイン,賞与2回・週休2日,京都府 京都市 下京区,月給35万円～50万円,6日前,株式会社ジャパンデザイン
星和電機株式会社,LED照明のシステム開発設計 東証一部／福利厚生,京都府 城陽市,年収425万円～560万円,19日前,リクルートエージェント
株式会社アイビネット,未経験から始めるITエンジニア 年休127日・土日祝休み／社宅・住宅手当アリ／賞与年3回／面接1回,京都府,月給18万円～40万円,公開していません,エン転職
株式会社ホットスタッフ京都,電気、電子系の設計・CADオペレーター補助,京都府 向日市 向日町駅 徒歩15分,"時給1,600円～",3日前,HOT犬索
インターマキシス株式会社,Webアナリスト／アクセス解析 Google Analytics4／一味違うWeb会社,京都府 京都市 五条駅 徒歩1分,年収400万円～600万円,6時間前,Green
ラクスル株式会社,PdM／プロダクトマネージャー 既存産業をDXで変革! ユーザー100万人超,京都府 京都市,"年収600万円～1,025万円",22日前,リクルートエージェント
株式会社And Doホールディングス,Webディレクター プライム上場 賞与年2回,京都府 京都市 中京区,"月給38万1,700円～58万9,300円",1日前,エン転職
TIPSシステム株式会社,組み込み制御系エンジニア 大阪,京都府,年収350万円～650万円,3日前,Green
TOWN株式会社,アプリ開発,京都府 京都市,年収500万円～700万円,28日前,かんたん応募
有限会社AlphaStyleSolution,未経験OK ITサポート・エンジニア 完全土日祝休み&残業ほぼ無,京都府 京都市,"月給23万5,000円～30万円",3日前,マイナビ転職
株式会社エスワイシステム,ITエンジニア 未経験者採用実績率100%,京都府,"月給22万2,000円～",公開していません,マイナビ転職
株式会社アルトナー,第二新卒／月給23万9000円上／ソフトウェア開発エンジニア,京都府 京都市,"月給23万9,000円～82万7,000円",18日前,リクナビNEXT
ヴァイタル・インフォメーション株式会社 大阪オフ...,システムエンジニア／プライム案件7割,京都府,年収400万円～750万円,7時間前,type
株式会社イー・シー・アンドエム,未経験活躍中!  社員へ 簡単な機器の設定からスタート,京都府,"時給1,500円～",26日前,エン派遣
株式会社ブレイン・ゲート,2023 新卒採用 ソフトウェア,京都府,"月給19万5,000円～22万円",公開していません,リクナビ2023
三和ペーパーサービス株式会社,インフラエンジニア,京都府 京都市 右京区,月給35万円～,6時間前,type
株式会社シー・アール・シー,システムエンジニア,京都府 京都市 烏丸駅 徒歩5分,年収350万円～600万円,17日前,U29JOB
株式会社ナノック,ABAPエンジニア,京都府 京都市,年収400万円～800万円,20日前,doda
サンウェルグループ,ITエンジニア,京都府 京都市 下京区,公開していません,7時間前,type
株式会社アクセル,週払いOK データ入力+電話応対,京都府 京都市 西大路駅 徒歩5分,"時給1,350円",公開していません,エン派遣
図研テック株式会社,関西／ソフトエンジニア 実務未経験OK／入社後6か月間の研修有り／WEB面接,京都府,年収350万円～450万円,19日前,リクルートエージェント
RPAホールディングス株式会社,RoboRoboエンジニアリーダー,京都府,"年収600万円～1,000万円",公開していません,Spring転職エージェント
株式会社レクシス,シニアシステムエンジニア、システムエンジニア,京都府,年収400万円～850万円,公開していません,paiza転職
株式会社エムハンド,Webディレクター／Webマーケ リモート勤務・フレックス有,京都府 京都市 下京区,月給26万円～,27日前,リクナビNEXT
システム・エボリューション株式会社,システムエンジニア,京都府,年収400万円～550万円,14日前,U29JOB
株式会社Ling,2023 新卒採用 人材サービス／人材紹介・人材派遣,京都府,"月給21万2,500円",13日前,リクナビ2023
株式会社ウイルテック,残業12.7h／上場企業／未経験歓迎 アプリ開発・サーバ運用,京都府 京都市,月給22万円～55万円,25日前,リクナビNEXT
株式会社ジェイテック,2023 新卒採用 ソフトウェア,京都府,"月給18万1,200円～20万2,760円",9日前,リクナビ2023
テラメックス株式会社,組み込みソフトウェア開発,京都府 京都市 くいな橋駅,"年収700万円～1,000万円",11日前,doda
株式会社クランディム,大手飲料メーカーのシステムを開発! ITエンジニア,京都府 京都市 烏丸御池駅 徒歩1分,年収400万円～900万円,公開していません,マイナビ転職
株式会社ヒューマンクリエイションホールディングス,北海道支部 東証マザーズ上場・ヒューマンクリエイションホールディングスグループ,京都府,年収500万円～,3日前,Green
株式会社ゆめみ,アカウントセールス,京都府 京都市 烏丸駅 徒歩1分,"年収500万円～1,500万円",12日前,U29JOB
株式会社リテールマーケティング,ITエンジニア 還元率70～83%／単価は全て社内に公開／年休120日～／残業月5h以内,京都府,"月給31万5,000円～70万円",18日前,エン転職
株式会社アンク,社内SE 在宅勤務・希望休OK,京都府 京都市,年収300万円～,4日前,リクナビNEXT
株式会社Innovation Planning,SE,京都府 京都市 祇園四条駅 徒歩3分,月給30万円～,公開していません,株式会社Innovation Planning
カゴヤ・ジャパン株式会社,システム開発エンジニア,京都府 京都市 烏丸御池駅,年収350万円～600万円,公開していません,doda
スターワークスグループ,機械設計、電気、組込み・制御、品質管理 厚待遇,京都府 京都市,月給20万円～,4日前,リクナビNEXT
サイバーフリークス株式会社,Webデザイナー 完全リモート在宅勤務!副業OK!時短OK!自由な社風,京都府,月給26万円～50万円,公開していません,かんたん応募
株式会社EDIONクロスベンチャーズ,開発エンジニア,京都府 京都市 烏丸御池駅 徒歩5分,月給30万円～65万円,5時間前,type
エヌエスイー株式会社,ITエンジニア 未経験大歓迎 研修充実 年休130日,京都府,月給20万円～60万円,17日前,マイナビ転職
AIQVE ONE株式会社,テストリーダー マネージャー候補／キャリアアップを望む方、積極採用中,京都府 京都市 中京区,月給22万円～50万円,13日前,エン転職
グリーンシステム株式会社,ITエンジニア,京都府 長岡京市,月給21万円～25万円,10日前,グリーンシステム株式会社
株式会社グッドワークコミュニケーションズ,総合職／目標は5年以内の上場／未経験歓迎／昇給・昇格年12回,京都府,"月給25万1,000円～",7日前,doda
京都電子計算株式会社,ITソリューション営業,京都府 京都市 京都駅 徒歩5分,年収350万円～450万円,2日前,U29JOB
株式会社キャリア,2023 新卒採用 人材サービス／人材紹介・人材派遣,京都府,"月給23万1,700円",公開していません,リクナビ2023
アクティスジャパン株式会社,エンジニア・PG VB.NETエンジニア,京都府,月給25万円～50万円,公開していません,PROSEEK
ポノス株式会社,サーバーサイドエンジニア,京都府 京都市 四条駅 徒歩5分,年収450万円～960万円,1日前,CREATIVE JOB
株式会社エフエスティ,既卒歓迎／SE・PG／ゼロから成長できて待遇も抜群!「鉄道」や「自動車」関連にも携われる,京都府,年収300万円～650万円,14日前,Re就活
株式会社ウィジェット,開発エンジニア／SE・PG／AI・IoT案件等幅広い案件アリ,京都府,月給25万円～40万円,公開していません,doda
京都ジョブパーク,シニア歓迎／ミドル層積極採用／京都優良企業で働く総合職,京都府,年収250万円～600万円,25日前,doda
株式会社フジワーク 大阪システム営業課,プログラマ／システムエンジニア,京都府,月給24万円～60万円,25日前,PROSEEK
株式会社京翔,PM 自社内開発・食品メーカー向けシステム,京都府,年収500万円～800万円,公開していません,Spring転職エージェント
株式会社ビーネット,SE 裁量権大きいポジション／じっくり成長可,京都府 京都市 烏丸駅,年収300万円～600万円,公開していません,doda
株式会社ラスク,"SE・PG 在宅ワーク増加中!選べる案件10,000件超",京都府 京都市,月給30万円～60万円,11日前,リクナビNEXT
